covariate,coef,exp(coef),se(coef),coef lower 95%,coef upper 95%,exp(coef) lower 95%,exp(coef) upper 95%,cmp to,z,p,-log2(p)
Age,-0.032692810938698,0.9678358225065463,0.025826102620077524,-0.08331104193508547,0.017925420057689476,0.9200649239343651,1.018087044685278,0.0,-1.2658824840757124,0.2055551583121996,2.2824025187624337
chest_xray,0.46701089185874056,1.5952187782199712,0.9367871790149601,-1.3690582401894575,2.3030800239069387,0.2543463799954662,10.004950534114059,0.0,0.498524000242837,0.6181147573427879,0.6940533854313039
culture,-1.0634261403538874,0.3452708352021451,0.8986063252322616,-2.8246621740890063,0.6978098933812318,0.059328696215183226,2.009347200363363,0.0,-1.18341715442413,0.2366438619858195,2.0792105926186553
apache_score,-0.06958686468009641,0.9327791043068283,0.0654060944227441,-0.19778045411810097,0.05860672475790814,0.8205499817332437,1.0603581461224212,0.0,-1.0639201941998007,0.2873648539665759,1.7990444704920032
tlc_score,7.778944533434164e-05,1.0000777924710118,5.998435456677173e-05,-3.977772925241167e-05,0.00019535661992109494,0.999960223061871,1.0001953757032684,0.0,1.2968289130751607,0.19469006004980138,2.3607488661086937
microbial_load,-0.0022959015234352994,0.9977067320426124,0.003908451913192955,-0.00995632650860016,0.005364523461729562,0.9900930736262791,1.0053789382824025,0.0,-0.587419667537804,0.5569218880684059,0.8444531005336329
