Variable,HR,Lower95,Upper95,p_value
Age,0.9678358225065463,0.9200649239343651,1.018087044685278,0.2055551583121996
chest_xray,1.5952187782199712,0.2543463799954662,10.004950534114059,0.6181147573427879
culture,0.3452708352021451,0.059328696215183226,2.009347200363363,0.2366438619858195
apache_score,0.9327791043068283,0.8205499817332437,1.0603581461224212,0.2873648539665759
tlc_score,1.0000777924710118,0.999960223061871,1.0001953757032684,0.19469006004980138
microbial_load,0.9977067320426124,0.9900930736262791,1.0053789382824025,0.5569218880684059
