Arm A,Arm B,Chi Square,Degrees of Freedom,p Value
1,2,1.9382677740199379,1,0.16385673998040706
